{"cameraMode":{"drawMode":0,"name":"Shaded","section":"Shading Mode"},"sceneLighting":true,"audioPlay":false,"sceneViewState":{"m_AlwaysRefresh":false,"showFog":true,"showSkybox":true,"showFlares":true,"showImageEffects":true,"showParticleSystems":true,"showVisualEffectGraphs":true,"m_FxEnabled":true},"in2DMode":false,"pivot":{"x":-0.8490415811538696,"y":1.893860101699829,"z":3.0075695514678957},"rotation":{"x":0.16452208161354066,"y":-0.31156018376350405,"z":0.05487712472677231,"w":0.9343022704124451},"size":5.7549357414245609,"orthographic":false}